Index,Name
1,12 Years a Slave
2,13 Reason Why
3,A Quiet Place
4,A Series of Unfortunate Events
5,A Star is Born
6,A Wrinkle in Time
7,Adrift
8,After
9,Aladdin
10,America's Got Talent
11,American Crime Story
12,American Horror Story
13,American Sniper
14,Ant Man
15,Aquaman
16,Bad Moms
17,Beauty and the Beast
18,Beverly Hills 90210
19,Birdman
20,Black Panther
21,Black-ish
22,Blockers
23,Bob's Burgers
24,Bohemian Rhapsody
25,Boyhood
26,Breakthrough
27,Captain Marvel
28,Cars Films
29,Cinderella
30,Coco
31,Crazy Rich Asians
32,Creed
33,Deadpool
34,Despicable Me
35,Donny Darko
36,Downton Abbey
37,Edge of Tomorrow
38,Empire
39,"Everything, Everything"
40,Famous in Love
41,Fantastic Beasts
42,Fast and the Furious
43,Finding Dory
44,Five Feet Apart
45,Friday Night Lights
46,Friends
47,Frozen
48,Fuller House
49,Game of Thrones
50,Get Out
51,Ghostbusters
52,Girls
53,Glee
54,Gone Girl
55,Gossip Girl
56,Greenhouse Academy
57,Guardians of the Galaxy
58,Halloween
59,Harry Potter
60,Hidden Figures
61,High School Musical
62,Home Alone
63,I Feel Pretty
64,I Tonia
65,Ice Age
66,Incredibles 2
67,Inside Out
68,Insidious
69,Instant Family
70,Interstellar
71,Iron Man
72,Isle of Dogs
73,Isn't It Romantic
74,It
75,iZombie
76,Jane the Virgin
77,John Wick
78,Jumanji
79,Jurassic World
80,Justice League
81,Kung Fu Panda
82,La La Land
83,Ladybird
84,Late Night
85,Life of the Party
86,Little
87,Lord of the Rings
88,"Love, Simon"
89,Maleficent
90,Mama Mia
91,Manchester By The Sea
92,Mary Poppins Returns
93,Midnight Sun
94,Miraculous: Tales of Ladybug & Cat Noir
95,Mission Impossible
96,Moana
97,Modern Family
98,Moonlight
99,Mulan
100,Murder Mystery
101,Murder on the Orient Express
102,My Big Fat Greek Weeding
103,Nailed It!
104,Neighbors
105,New Girl
106,Noah
107,Ocean's 8
108,Overboard
109,Ozark
110,Pacific Rim: Uprising
111,Paddington
112,Peter Rabbit
113,Pitch Perfect
114,Pixels
115,Pokemon Detective Pikachu
116,Pretty Little Liars
117,Prirates of the Carribean
118,Rampage
119,Ready Player One
120,Riverdale
121,Rocketman
122,Roma
123,Second Act
124,Selma
125,Sense8
126,Serenity
127,Set It Up
128,Shadowhunters
129,Shazam!
130,Sherlock
131,Silicon Valley
132,Snow White
133,Spiderman: Into the Spider-Verse
134,Spotlight
135,Star
136,Star Trek
137,Star Wars Episode 8
138,Star Wars Series
139,Stranger Things
140,Suicide Squad
141,Tangled
142,Teen Wolf
143,The 100
144,The Avengers Films
145,The Babadook
146,The Big Bang Theory
147,The Big Sick
148,The Conjuring
149,The Edge of Seventeen
150,The Exorcist
151,The Fault in Our Stars
152,The Flash
153,The Fosters
154,The Grand Budapest Hotel
155,The Great British Baking Show
156,The Greatest Showman
157,The Green Book
158,The Handmaid's Tale
159,The Hate U Give
160,The Hunger Games
161,The Imitation Game
162,The Last Summer
163,The Lego Movie
164,The Lion King
165,The Martian
166,The Maze Runner
167,The Mummy
168,The Office
169,The Perfect Date
170,The Princess and the Frog
171,The Purge
172,The Ranch
173,The Revenant
174,The Secret Life of Pets
175,The Shape of Water
176,The Shining
177,The Sound of Music
178,The Spy Who Dumped Me
179,The Theory of Everything
180,The Vampire Diaries
181,The Walking Dead
182,This Is Us
183,Titanic
184,To All the Boys I've Loved
185,Tomb Raider
186,Toy Story
187,Transformers
188,Trolls
189,Truth or Dare
190,Twilight
191,Up
192,Us
193,Vice
194,Westworld
195,When They See Us
196,Wonder
197,Wonder Woman
198,Wreck it Ralph
199,Yesterday
200,Zootopia
